Id,MPEG-1,MPEG-2,MPEG-4,QuickTime,RealMedia,Year,Genre,Keywords,Duration,Color,Sound,Amount of Motion,Language,Sponsor,Contributing Organization,Transcript Available,Digitization Date,Digitizing Organization
6164,http://nasa.ibiblio.org/video/NASASciFiles/NASAWF-TheBarkingDogs/mpeg1/NASAWF-HowTheEarWorks.mpg,http://nasa.ibiblio.org/video/NASASciFiles/NASAWF-TheBarkingDogs/mpeg2/NASAWF-HowTheEarWorks.mpg,http://nasa.ibiblio.org/video/NASASciFiles/NASAWF-TheBarkingDogs/mpeg4/NASAWF-HowTheEarWorks.mp4,http://nasa.ibiblio.org/video/NASASciFiles/NASAWF-TheBarkingDogs/quicktime/NASAWF-HowTheEarWorks.mov,http://nasa.ibiblio.org/video/NASASciFiles/NASAWF-TheBarkingDogs/real/NASAWF-HowTheEarWorks.ram,2003,Educational,Hearing; Ear Canal; Ear Drum; Cochlea; Auditory Nerve; Brain; Frequency;,00:00:56,Yes,Yes,Low,English,NASA,NASA,No,2004,Open Video
6249,http://nasa.ibiblio.org/video/NASAKidsScienceNews/mpeg1/NASAKSN-Meter.mpg,http://nasa.ibiblio.org/video/NASAKidsScienceNews/mpeg2/NASAKSN-Meter.mpg,http://nasa.ibiblio.org/video/NASAKidsScienceNews/mpeg4/NASAKSN-Meter.mp4,http://nasa.ibiblio.org/video/NASAKidsScienceNews/quicktime/NASAKSN-Meter.mov,http://nasa.ibiblio.org/video/NASAKidsScienceNews/real/NASAKSN-Meter.rm,2003,Educational,Jacob Pennington; Metric; Millimeter; Centimeter; Decimeter;,00:00:50,Yes,Yes,Low,English,NASA,NASA,No,2004,Open Video
6245,http://nasa.ibiblio.org/video/NASAKidsScienceNews/mpeg1/NASAKSN-Go.mpg,http://nasa.ibiblio.org/video/NASAKidsScienceNews/mpeg2/NASAKSN-Go.mpg,http://nasa.ibiblio.org/video/NASAKidsScienceNews/mpeg4/NASAKSN-Go.mp4,http://nasa.ibiblio.org/video/NASAKidsScienceNews/quicktime/NASAKSN-Go.mov,http://nasa.ibiblio.org/video/NASAKidsScienceNews/real/NASAKSN-Go.rm,2003,Educational,Stored Energy; Kintetic Energy; Force; Power Source; Tyrone Green;,00:00:54,Yes,Yes,Low,English,NASA,NASA,No,2004,Open Video
6256,http://nasa.ibiblio.org/video/NASAKidsScienceNews/mpeg1/es/NASAKSN-ElCieloAzul.mpg,http://nasa.ibiblio.org/video/NASAKidsScienceNews/mpeg2/es/NASAKSN-ElCieloAzul.mpg,http://nasa.ibiblio.org/video/NASAKidsScienceNews/mpeg4/es/NASAKSN-ElCieloAzul.mp4,http://nasa.ibiblio.org/video/NASAKidsScienceNews/quicktime/es/NASAKSN-ElCieloAzul.mov,http://nasa.ibiblio.org/video/NASAKidsScienceNews/real/es/NASAKSN-ElCieloAzul.rm,2003,Educational,Ashley Canciobello; Luz Blanca;,00:00:57,Yes,Yes,Low,Spanish,NASA,NASA,No,2004,Open Video
6252,http://nasa.ibiblio.org/video/NASAKidsScienceNews/mpeg1/NASAKSN-Sound.mpg,http://nasa.ibiblio.org/video/NASAKidsScienceNews/mpeg2/NASAKSN-Sound.mpg,http://nasa.ibiblio.org/video/NASAKidsScienceNews/mpeg4/NASAKSN-Sound.mp4,http://nasa.ibiblio.org/video/NASAKidsScienceNews/quicktime/NASAKSN-Sound.mov,http://nasa.ibiblio.org/video/NASAKidsScienceNews/real/NASAKSN-Sound.rm,2003,Educational,Tori Glenn; Vibration; Energy; Ear Drum;,00:00:55,Yes,Yes,Low,English,NASA,NASA,No,2004,Open Video
6251,http://nasa.ibiblio.org/video/NASAKidsScienceNews/mpeg1/NASAKSN-Popcorn.mpg,http://nasa.ibiblio.org/video/NASAKidsScienceNews/mpeg2/NASAKSN-Popcorn.mpg,http://nasa.ibiblio.org/video/NASAKidsScienceNews/mpeg4/NASAKSN-Popcorn.mp4,http://nasa.ibiblio.org/video/NASAKidsScienceNews/quicktime/NASAKSN-Popcorn.mov,http://nasa.ibiblio.org/video/NASAKidsScienceNews/real/NASAKSN-Popcorn.rm,2003,Educational,Bianca Baker; Heat Energy; Expand; Water; Steam;,00:00:55,Yes,Yes,Low,English,NASA,NASA,No,2004,Open Video
6243,http://nasa.ibiblio.org/video/NASAKidsScienceNews/mpeg1/NASAKSN-BlueSky.mpg,http://nasa.ibiblio.org/video/NASAKidsScienceNews/mpeg2/NASAKSN-BlueSky.mpg,http://nasa.ibiblio.org/video/NASAKidsScienceNews/mpeg4/NASAKSN-BlueSky.mp4,http://nasa.ibiblio.org/video/NASAKidsScienceNews/quicktime/NASAKSN-BlueSky.mov,http://nasa.ibiblio.org/video/NASAKidsScienceNews/real/NASAKSN-BlueSky.rm,2003,Educational,Alexandra Samsell; Rainbow; White Light; Gas; Scatter;,00:00:57,Yes,Yes,Low,English,NASA,NASA,No,2004,Open Video
6432,http://nasa.ibiblio.org/video/NASAKidsScienceNews/mpeg1/NASAKSN-AircraftNoise.mpg,http://nasa.ibiblio.org/video/NASAKidsScienceNews/mpeg2/NASAKSN-AircraftNoise.mpg,http://nasa.ibiblio.org/video/NASAKidsScienceNews/mpeg4/NASAKSN-AircraftNoise.mp4,http://nasa.ibiblio.org/video/NASAKidsScienceNews/quicktime/NASAKSN-AircraftNoise.mov,http://nasa.ibiblio.org/video/NASAKidsScienceNews/real/NASAKSN-AircraftNoise.ram,2003,Educational,NASA Kids Science News; Sound; Wave; Amplitude; Airplane Noise; Active Noise Control; Engine; Slats; Flaps; Landing Gear; Technology;,00:00:58,Yes,Yes,Low,English,NASA,NASA,No,2004,Open Video
6433,http://nasa.ibiblio.org/video/NASAKidsScienceNews/mpeg1/NASAKSN-AtomicClocks.mpg,http://nasa.ibiblio.org/video/NASAKidsScienceNews/mpeg2/NASAKSN-AtomicClocks.mpg,http://nasa.ibiblio.org/video/NASAKidsScienceNews/mpeg4/NASAKSN-AtomicClocks.mp4,http://nasa.ibiblio.org/video/NASAKidsScienceNews/quicktime/NASAKSN-AtomicClocks.mov,http://nasa.ibiblio.org/video/NASAKidsScienceNews/real/NASAKSN-AtomicClocks.ram,2003,Educational,NASA Kids Science News; Space; Time; Clocks; Space Travel; Cesium; Atoms; Einstein; Atomic Clock; International Space Station;,00:00:58,Yes,Yes,Low,English,NASA,NASA,No,2004,Open Video
6434,http://nasa.ibiblio.org/video/NASAKidsScienceNews/mpeg1/NASAKSN-BitsAndBytes.mpg,http://nasa.ibiblio.org/video/NASAKidsScienceNews/mpeg2/NASAKSN-BitsAndBytes.mpg,http://nasa.ibiblio.org/video/NASAKidsScienceNews/mpeg4/NASAKSN-BitsAndBytes.mp4,http://nasa.ibiblio.org/video/NASAKidsScienceNews/quicktime/NASAKSN-BitsAndBytes.mov,http://nasa.ibiblio.org/video/NASAKidsScienceNews/real/NASAKSN-BitsAndBytes.ram,2003,Educational,NASA Kids Science News; Computer; Memory; Storage; Binary; Zero; One; Bits; Bytes;,00:00:58,Yes,Yes,Low,English,NASA,NASA,No,2004,Open Video
6435,http://nasa.ibiblio.org/video/NASAKidsScienceNews/mpeg1/NASAKSN-BoilingFluids.mpg,http://nasa.ibiblio.org/video/NASAKidsScienceNews/mpeg2/NASAKSN-BoilingFluids.mpg,http://nasa.ibiblio.org/video/NASAKidsScienceNews/mpeg4/NASAKSN-BoilingFluids.mp4,http://nasa.ibiblio.org/video/NASAKidsScienceNews/quicktime/NASAKSN-BoilingFluids.mov,http://nasa.ibiblio.org/video/NASAKidsScienceNews/real/NASAKSN-BoilingFluids.ram,2003,Educational,NASA Kids Science News; Boil; Microgravity; Bubble; Vapor; Convection; Buoyancy; Dense; Weightless; Experiment; Space; Technology; Energy Transfer;,00:00:58,Yes,Yes,Low,English,NASA,NASA,No,2004,Open Video
6436,http://nasa.ibiblio.org/video/NASAKidsScienceNews/mpeg1/NASAKSN-CDs.mpg,http://nasa.ibiblio.org/video/NASAKidsScienceNews/mpeg2/NASAKSN-CDs.mpg,http://nasa.ibiblio.org/video/NASAKidsScienceNews/mpeg4/NASAKSN-CDs.mp4,http://nasa.ibiblio.org/video/NASAKidsScienceNews/quicktime/NASAKSN-CDs.mov,http://nasa.ibiblio.org/video/NASAKidsScienceNews/real/NASAKSN-CDs.ram,2003,Educational,NASA Kids Science News; Sound; Digital Code; CD; Technology; Music; Laser Beam; Pits; Micron; Track;,00:00:58,Yes,Yes,Low,English,NASA,NASA,No,2004,Open Video
6437,http://nasa.ibiblio.org/video/NASAKidsScienceNews/mpeg1/NASAKSN-ComputerMouse.mpg,http://nasa.ibiblio.org/video/NASAKidsScienceNews/mpeg2/NASAKSN-ComputerMouse.mpg,http://nasa.ibiblio.org/video/NASAKidsScienceNews/mpeg4/NASAKSN-ComputerMouse.mp4,http://nasa.ibiblio.org/video/NASAKidsScienceNews/quicktime/NASAKSN-ComputerMouse.mov,http://nasa.ibiblio.org/video/NASAKidsScienceNews/real/NASAKSN-ComputerMouse.ram,2003,Educational,NASA Kids Science News; Computer Mouse; Opto-Mechanical Device; Light; Motion; Signals; Computer; Cursor;,00:00:58,Yes,Yes,Low,English,NASA,NASA,No,2004,Open Video
6438,http://nasa.ibiblio.org/video/NASAKidsScienceNews/mpeg1/NASAKSN-ComputerVirus.mpg,http://nasa.ibiblio.org/video/NASAKidsScienceNews/mpeg2/NASAKSN-ComputerVirus.mpg,http://nasa.ibiblio.org/video/NASAKidsScienceNews/mpeg4/NASAKSN-ComputerVirus.mp4,http://nasa.ibiblio.org/video/NASAKidsScienceNews/quicktime/NASAKSN-ComputerVirus.mov,http://nasa.ibiblio.org/video/NASAKidsScienceNews/real/NASAKSN-ComputerVirus.ram,2003,Educational,NASA Kids Science News; Computer Virus; Systems; Sick; Program; Email; Infected Attachment; Anti-virus; Files;,00:00:58,Yes,Yes,Low,English,NASA,NASA,No,2004,Open Video
6439,http://nasa.ibiblio.org/video/NASAKidsScienceNews/mpeg1/NASAKSN-CoolestGas.mpg,http://nasa.ibiblio.org/video/NASAKidsScienceNews/mpeg2/NASAKSN-CoolestGas.mpg,http://nasa.ibiblio.org/video/NASAKidsScienceNews/mpeg4/NASAKSN-CoolestGas.mp4,http://nasa.ibiblio.org/video/NASAKidsScienceNews/quicktime/NASAKSN-CoolestGas.mov,http://nasa.ibiblio.org/video/NASAKidsScienceNews/real/NASAKSN-CoolestGas.ram,2003,Educational,NASA Kids Science News; Gases; Cool; Temperature; Laser; Atom; Bose-Einstein; Matter; States; Liquids; Solids; Clocks; Navigate; Distance;,00:00:58,Yes,Yes,Low,English,NASA,NASA,No,2004,Open Video
6440,http://nasa.ibiblio.org/video/NASAKidsScienceNews/mpeg1/NASAKSN-E-Mail.mpg,http://nasa.ibiblio.org/video/NASAKidsScienceNews/mpeg2/NASAKSN-E-Mail.mpg,http://nasa.ibiblio.org/video/NASAKidsScienceNews/mpeg4/NASAKSN-E-Mail.mp4,http://nasa.ibiblio.org/video/NASAKidsScienceNews/quicktime/NASAKSN-E-Mail.mov,http://nasa.ibiblio.org/video/NASAKidsScienceNews/real/NASAKSN-E-Mail.ram,2003,Educational,NASA Kids Science News; Email; Technology; Computer; Message; Server; Send; Receive; Post Office; Electronically;,00:00:58,Yes,Yes,Low,English,NASA,NASA,No,2004,Open Video
6441,http://nasa.ibiblio.org/video/NASAKidsScienceNews/mpeg1/NASAKSN-FloatingInSpace.mpg,http://nasa.ibiblio.org/video/NASAKidsScienceNews/mpeg2/NASAKSN-FloatingInSpace.mpg,http://nasa.ibiblio.org/video/NASAKidsScienceNews/mpeg4/NASAKSN-FloatingInSpace.mp4,http://nasa.ibiblio.org/video/NASAKidsScienceNews/quicktime/NASAKSN-FloatingInSpace.mov,http://nasa.ibiblio.org/video/NASAKidsScienceNews/real/NASAKSN-FloatingInSpace.ram,2003,Educational,NASA Kids Science News; International Space Station; Weightless; Zero-Gravity; Float; Free-Falling; ISS; Orbit;,00:00:58,Yes,Yes,Low,English,NASA,NASA,No,2004,Open Video
6442,http://nasa.ibiblio.org/video/NASAKidsScienceNews/mpeg1/NASAKSN-FoodInSpace.mpg,http://nasa.ibiblio.org/video/NASAKidsScienceNews/mpeg2/NASAKSN-FoodInSpace.mpg,http://nasa.ibiblio.org/video/NASAKidsScienceNews/mpeg4/NASAKSN-FoodInSpace.mp4,http://nasa.ibiblio.org/video/NASAKidsScienceNews/quicktime/NASAKSN-FoodInSpace.mov,http://nasa.ibiblio.org/video/NASAKidsScienceNews/real/NASAKSN-FoodInSpace.ram,2003,Educational,NASA Kids Science News; Space Food; Astronauts; Diet; Vegetables; Freeze-Dried; Hydroponics; Water; Soil;,00:00:58,Yes,Yes,Low,English,NASA,NASA,No,2004,Open Video
6443,http://nasa.ibiblio.org/video/NASAKidsScienceNews/mpeg1/NASAKSN-Fractions.mpg,http://nasa.ibiblio.org/video/NASAKidsScienceNews/mpeg2/NASAKSN-Fractions.mpg,http://nasa.ibiblio.org/video/NASAKidsScienceNews/mpeg4/NASAKSN-Fractions.mp4,http://nasa.ibiblio.org/video/NASAKidsScienceNews/quicktime/NASAKSN-Fractions.mov,http://nasa.ibiblio.org/video/NASAKidsScienceNews/real/NASAKSN-Fractions.ram,2003,Educational,NASA Kids Science News; Fractions; Whole; Piece; Pizza; Divide; Numerator; Denominator;,00:00:58,Yes,Yes,Low,English,NASA,NASA,No,2004,Open Video
6444,http://nasa.ibiblio.org/video/NASAKidsScienceNews/mpeg1/NASAKSN-GloveBoxes.mpg,http://nasa.ibiblio.org/video/NASAKidsScienceNews/mpeg2/NASAKSN-GloveBoxes.mpg,http://nasa.ibiblio.org/video/NASAKidsScienceNews/mpeg4/NASAKSN-GloveBoxes.mp4,http://nasa.ibiblio.org/video/NASAKidsScienceNews/quicktime/NASAKSN-GloveBoxes.mov,http://nasa.ibiblio.org/video/NASAKidsScienceNews/real/NASAKSN-GloveBoxes.ram,2003,Educational,NASA Kids Science News; Glove Box; Astronauts; Space; Experiment; Flames; Protein Crystals; Metals; Fumes;,00:00:58,Yes,Yes,Low,English,NASA,NASA,No,2004,Open Video
6445,http://nasa.ibiblio.org/video/NASAKidsScienceNews/mpeg1/NASAKSN-Inventors.mpg,http://nasa.ibiblio.org/video/NASAKidsScienceNews/mpeg2/NASAKSN-Inventors.mpg,http://nasa.ibiblio.org/video/NASAKidsScienceNews/mpeg4/NASAKSN-Inventors.mp4,http://nasa.ibiblio.org/video/NASAKidsScienceNews/quicktime/NASAKSN-Inventors.mov,http://nasa.ibiblio.org/video/NASAKidsScienceNews/real/NASAKSN-Inventors.ram,2003,Educational,NASA Kids Science News; Inventions; Kevlar; Windshield Wiper; Inventors; Mary Anderson; Non-refelective Glass; Hedy Lamarr; Cell Phones; Radio-controlled Turpedoes;,00:00:58,Yes,Yes,Low,English,NASA,NASA,No,2004,Open Video
6446,http://nasa.ibiblio.org/video/NASAKidsScienceNews/mpeg1/NASAKSN-MarsOdyssey.mpg,http://nasa.ibiblio.org/video/NASAKidsScienceNews/mpeg2/NASAKSN-MarsOdyssey.mpg,http://nasa.ibiblio.org/video/NASAKidsScienceNews/mpeg4/NASAKSN-MarsOdyssey.mp4,http://nasa.ibiblio.org/video/NASAKidsScienceNews/quicktime/NASAKSN-MarsOdyssey.mov,http://nasa.ibiblio.org/video/NASAKidsScienceNews/real/NASAKSN-MarsOdyssey.ram,2003,Educational,NASA Kids Science News; Mars Odyssey; Spacecraft; Water; Oxygen; Fuel; Mars; Hydrogen; Chemistry;,00:00:58,Yes,Yes,Low,English,NASA,NASA,No,2004,Open Video
6447,http://nasa.ibiblio.org/video/NASAKidsScienceNews/mpeg1/NASAKSN-MarsRecords.mpg,http://nasa.ibiblio.org/video/NASAKidsScienceNews/mpeg2/NASAKSN-MarsRecords.mpg,http://nasa.ibiblio.org/video/NASAKidsScienceNews/mpeg4/NASAKSN-MarsRecords.mp4,http://nasa.ibiblio.org/video/NASAKidsScienceNews/quicktime/NASAKSN-MarsRecords.mov,http://nasa.ibiblio.org/video/NASAKidsScienceNews/real/NASAKSN-MarsRecords.ram,2003,Educational,NASA Kids Science News; Planet; Mars; Mt. Everest; Olympus; Valles Marineris; Canyon; Records; Kilometer; Grand Canyon;,00:00:58,Yes,Yes,Low,English,NASA,NASA,No,2004,Open Video
6448,http://nasa.ibiblio.org/video/NASAKidsScienceNews/mpeg1/NASAKSN-MarsRovers.mpg,http://nasa.ibiblio.org/video/NASAKidsScienceNews/mpeg2/NASAKSN-MarsRovers.mpg,http://nasa.ibiblio.org/video/NASAKidsScienceNews/mpeg4/NASAKSN-MarsRovers.mp4,http://nasa.ibiblio.org/video/NASAKidsScienceNews/quicktime/NASAKSN-MarsRovers.mov,http://nasa.ibiblio.org/video/NASAKidsScienceNews/real/NASAKSN-MarsRovers.ram,2003,Educational,NASA Kids Science News; Mars; Radio Waves; Pathfinder; Remote Control; Robot; Sojourner; Satellites; Rovers;,00:00:58,Yes,Yes,Low,English,NASA,NASA,No,2004,Open Video
6449,http://nasa.ibiblio.org/video/NASAKidsScienceNews/mpeg1/NASAKSN-MedicalBenefits.mpg,http://nasa.ibiblio.org/video/NASAKidsScienceNews/mpeg2/NASAKSN-MedicalBenefits.mpg,http://nasa.ibiblio.org/video/NASAKidsScienceNews/mpeg4/NASAKSN-MedicalBenefits.mp4,http://nasa.ibiblio.org/video/NASAKidsScienceNews/quicktime/NASAKSN-MedicalBenefits.mov,http://nasa.ibiblio.org/video/NASAKidsScienceNews/real/NASAKSN-MedicalBenefits.ram,2003,Educational,NASA Kids Science News; Astronauts; Blood Pressure; Eye Surgery; Medicine; Medical Equipement; Ear Thermometers; Arteries; Doctors; Scientists; Space Medicine Research;,00:00:58,Yes,Yes,Low,English,NASA,NASA,No,2004,Open Video
6450,http://nasa.ibiblio.org/video/NASAKidsScienceNews/mpeg1/NASAKSN-Nanotechnology.mpg,http://nasa.ibiblio.org/video/NASAKidsScienceNews/mpeg2/NASAKSN-Nanotechnology.mpg,http://nasa.ibiblio.org/video/NASAKidsScienceNews/mpeg4/NASAKSN-Nanotechnology.mp4,http://nasa.ibiblio.org/video/NASAKidsScienceNews/quicktime/NASAKSN-Nanotechnology.mov,http://nasa.ibiblio.org/video/NASAKidsScienceNews/real/NASAKSN-Nanotechnology.ram,2003,Educational,NASA Kids Science News; Nano; Nanotechnology; Billionth; Nanometer;  Computers; Technology; Nanorobots; Scientists; Ozone Layer; Nano Technology; Cancer; Cells;,00:00:58,Yes,Yes,Low,English,NASA,NASA,No,2004,Open Video
6451,http://nasa.ibiblio.org/video/NASAKidsScienceNews/mpeg1/NASAKSN-NegativeNumbers.mpg,http://nasa.ibiblio.org/video/NASAKidsScienceNews/mpeg2/NASAKSN-NegativeNumbers.mpg,http://nasa.ibiblio.org/video/NASAKidsScienceNews/mpeg4/NASAKSN-NegativeNumbers.mp4,http://nasa.ibiblio.org/video/NASAKidsScienceNews/quicktime/NASAKSN-NegativeNumbers.mov,http://nasa.ibiblio.org/video/NASAKidsScienceNews/real/NASAKSN-NegativeNumbers.ram,2003,Educational,NASA Kids Science News; Negative Numbers; Number Line; Thermometer; Subtraction; Minus; Zero; Less Than;,00:00:58,Yes,Yes,Low,English,NASA,NASA,No,2004,Open Video
6452,http://nasa.ibiblio.org/video/NASAKidsScienceNews/mpeg1/NASAKSN-PlantsInSpace.mpg,http://nasa.ibiblio.org/video/NASAKidsScienceNews/mpeg2/NASAKSN-PlantsInSpace.mpg,http://nasa.ibiblio.org/video/NASAKidsScienceNews/mpeg4/NASAKSN-PlantsInSpace.mp4,http://nasa.ibiblio.org/video/NASAKidsScienceNews/quicktime/NASAKSN-PlantsInSpace.mov,http://nasa.ibiblio.org/video/NASAKidsScienceNews/real/NASAKSN-PlantsInSpace.ram,2003,Educational,NASA Kids Science News; Plants; Earth; Grow; Space; Gravity; Zero-Gravity; Light; Experiments; NASA; Scientists; Carbon Dioxide; Food; Purify; Oxygen;,00:00:58,Yes,Yes,Low,English,NASA,NASA,No,2004,Open Video
6453,http://nasa.ibiblio.org/video/NASAKidsScienceNews/mpeg1/NASAKSN-SandResearch.mpg,http://nasa.ibiblio.org/video/NASAKidsScienceNews/mpeg2/NASAKSN-SandResearch.mpg,http://nasa.ibiblio.org/video/NASAKidsScienceNews/mpeg4/NASAKSN-SandResearch.mp4,http://nasa.ibiblio.org/video/NASAKidsScienceNews/quicktime/NASAKSN-SandResearch.mov,http://nasa.ibiblio.org/video/NASAKidsScienceNews/real/NASAKSN-SandResearch.ram,2003,Educational,NASA Kids Science News; Sand; Space; Astronauts; Particles; Ground; Quick Sand; Liquefaction; Studying; Gravity; Earthquake;,00:00:58,Yes,Yes,Low,English,NASA,NASA,No,2004,Open Video
6454,http://nasa.ibiblio.org/video/NASAKidsScienceNews/mpeg1/NASAKSN-SpaceFlightPhysicalChanges.mpg,http://nasa.ibiblio.org/video/NASAKidsScienceNews/mpeg2/NASAKSN-SpaceFlightPhysicalChanges.mpg,http://nasa.ibiblio.org/video/NASAKidsScienceNews/mpeg4/NASAKSN-SpaceFlightPhysicalChanges.mp4,http://nasa.ibiblio.org/video/NASAKidsScienceNews/quicktime/NASAKSN-SpaceFlightPhysicalChanges.mov,http://nasa.ibiblio.org/video/NASAKidsScienceNews/real/NASAKSN-SpaceFlightPhysicalChanges.ram,2003,Educational,NASA Kids Science News; Astronauts; Physical Changes; Body Fluids; Bones; Spine; Grow; Exercise; Heart; Muscles; Body;,00:00:58,Yes,Yes,Low,English,NASA,NASA,No,2004,Open Video
6455,http://nasa.ibiblio.org/video/NASAKidsScienceNews/mpeg1/NASAKSN-TheInternet.mpg,http://nasa.ibiblio.org/video/NASAKidsScienceNews/mpeg2/NASAKSN-TheInternet.mpg,http://nasa.ibiblio.org/video/NASAKidsScienceNews/mpeg4/NASAKSN-TheInternet.mp4,http://nasa.ibiblio.org/video/NASAKidsScienceNews/quicktime/NASAKSN-TheInternet.mov,http://nasa.ibiblio.org/video/NASAKidsScienceNews/real/NASAKSN-TheInternet.ram,2003,Educational,NASA Kids Science News; Server; Computer; Internet; Pages; Website; Address; KSNN; Link; Computer Mouse; Packet; Electrical Signal; Information;,00:00:58,Yes,Yes,Low,English,NASA,NASA,No,2004,Open Video
6456,http://nasa.ibiblio.org/video/NASAKidsScienceNews/mpeg1/NASAKSN-TheZero.mpg,http://nasa.ibiblio.org/video/NASAKidsScienceNews/mpeg2/NASAKSN-TheZero.mpg,http://nasa.ibiblio.org/video/NASAKidsScienceNews/mpeg4/NASAKSN-TheZero.mp4,http://nasa.ibiblio.org/video/NASAKidsScienceNews/quicktime/NASAKSN-TheZero.mov,http://nasa.ibiblio.org/video/NASAKidsScienceNews/real/NASAKSN-TheZero.ram,2003,Educational,NASA Kids Science News; Mathmetician; Zero; Mayans; Negative Numbers; Multiply; Addition; Indian; Numbers; Symbols;,00:00:58,Yes,Yes,Low,English,NASA,NASA,No,2004,Open Video
6457,http://nasa.ibiblio.org/video/NASAKidsScienceNews/mpeg1/NASAKSN-TimeZones.mpg,http://nasa.ibiblio.org/video/NASAKidsScienceNews/mpeg2/NASAKSN-TimeZones.mpg,http://nasa.ibiblio.org/video/NASAKidsScienceNews/mpeg4/NASAKSN-TimeZones.mp4,http://nasa.ibiblio.org/video/NASAKidsScienceNews/quicktime/NASAKSN-TimeZones.mov,http://nasa.ibiblio.org/video/NASAKidsScienceNews/real/NASAKSN-TimeZones.ram,2003,Educational,NASA Kids Science News; Time Zones; Earth; Sphere; 360 Degrees; Longitude; 24 Hours; Sun; Noon;,00:00:58,Yes,Yes,Low,English,NASA,NASA,No,2004,Open Video
6458,http://nasa.ibiblio.org/video/NASAKidsScienceNews/mpeg1/NASAKSN-WaterInSpace.mpg,http://nasa.ibiblio.org/video/NASAKidsScienceNews/mpeg2/NASAKSN-WaterInSpace.mpg,http://nasa.ibiblio.org/video/NASAKidsScienceNews/mpeg4/NASAKSN-WaterInSpace.mp4,http://nasa.ibiblio.org/video/NASAKidsScienceNews/quicktime/NASAKSN-WaterInSpace.mov,http://nasa.ibiblio.org/video/NASAKidsScienceNews/real/NASAKSN-WaterInSpace.ram,2003,Educational,NASA Kids Science News; Water Cycle; Space; Water Supply; Recycle; Astronauts; Nature; Earth; Rain; Evaporation;,00:00:58,Yes,Yes,Low,English,NASA,NASA,No,2004,Open Video
6459,http://nasa.ibiblio.org/video/NASAKidsScienceNews/mpeg1/NASAKSN-WindTunnels.mpg,http://nasa.ibiblio.org/video/NASAKidsScienceNews/mpeg2/NASAKSN-WindTunnels.mpg,http://nasa.ibiblio.org/video/NASAKidsScienceNews/mpeg4/NASAKSN-WindTunnels.mp4,http://nasa.ibiblio.org/video/NASAKidsScienceNews/quicktime/NASAKSN-WindTunnels.mov,http://nasa.ibiblio.org/video/NASAKidsScienceNews/real/NASAKSN-WindTunnels.ram,2003,Educational,NASA Kids Science News; Wind Tunnel; Airplane; Fan; Wind; Testing; Models; Scale; Aircraft; Race Cars; Spacecraft;,00:00:58,Yes,Yes,Low,English,NASA,NASA,No,2004,Open Video
6460,http://nasa.ibiblio.org/video/NASAKidsScienceNews/mpeg1/es/NASAKSN-AguaEnMarte.mpg,http://nasa.ibiblio.org/video/NASAKidsScienceNews/mpeg2/es/NASAKSN-AguaEnMarte.mpg,http://nasa.ibiblio.org/video/NASAKidsScienceNews/mpeg4/es/NASAKSN-AguaEnMarte.mp4,http://nasa.ibiblio.org/video/NASAKidsScienceNews/quicktime/es/NASAKSN-AguaEnMarte.mov,http://nasa.ibiblio.org/video/NASAKidsScienceNews/real/es/NASAKSN-AguaEnMarte.ram,2003,Educational,Kathy Santos; Marte; Mars; Agua; Water; Planeta; Planet; Hielo; Lago Michigan; Lake Michigan; Helada; Ice; Beber; Drink; Ox’geno; Oxygen; Noticiencias; Noticias Cientificas; Kids' Science News Network;,00:00:58,Yes,Yes,Low,Spanish,NASA,NASA,No,2004,Open Video
6461,http://nasa.ibiblio.org/video/NASAKidsScienceNews/mpeg1/es/NASAKSN-MarteRompiendoRecords.mpg,http://nasa.ibiblio.org/video/NASAKidsScienceNews/mpeg2/es/NASAKSN-MarteRompiendoRecords.mpg,http://nasa.ibiblio.org/video/NASAKidsScienceNews/mpeg4/es/NASAKSN-MarteRompiendoRecords.mp4,http://nasa.ibiblio.org/video/NASAKidsScienceNews/quicktime/es/NASAKSN-MarteRompiendoRecords.mov,http://nasa.ibiblio.org/video/NASAKidsScienceNews/real/es/NASAKSN-MarteRompiendoRecords.ram,2003,Educational,Felipe; Marte; Mars; Volcano; Volcan; Olympus; Canyon; Valles Marineris; Grand Canyon; Canyon Grande; Noticias Cientificas; Kids' Science News Network; Noticiencias;,00:00:58,Yes,Yes,Low,Spanish,NASA,NASA,No,2004,Open Video
6462,http://nasa.ibiblio.org/video/NASAKidsScienceNews/mpeg1/es/NASAKSN-UnAutoDeControlRemotoEnMarte.mpg,http://nasa.ibiblio.org/video/NASAKidsScienceNews/mpeg2/es/NASAKSN-UnAutoDeControlRemotoEnMarte.mpg,http://nasa.ibiblio.org/video/NASAKidsScienceNews/mpeg4/es/NASAKSN-UnAutoDeControlRemotoEnMarte.mp4,http://nasa.ibiblio.org/video/NASAKidsScienceNews/quicktime/es/NASAKSN-UnAutoDeControlRemotoEnMarte.mov,http://nasa.ibiblio.org/video/NASAKidsScienceNews/real/es/NASAKSN-UnAutoDeControlRemotoEnMarte.ram,2003,Educational,Andrea; Auto De Controla; Remote Control Car; Marte; Mars; Pathfinder; Onda Radio; Radio Waves; Robot; 2004; Noticiencias; Noticias Cientificas; Kids' Science News Network;,00:00:58,Yes,Yes,Low,Spanish,NASA,NASA,No,2004,Open Video
6463,http://nasa.ibiblio.org/video/NASAKidsScienceNews/mpeg1/es/NASAKSN-LasPlantasEnElEspacio.mpg,http://nasa.ibiblio.org/video/NASAKidsScienceNews/mpeg2/es/NASAKSN-LasPlantasEnElEspacio.mpg,http://nasa.ibiblio.org/video/NASAKidsScienceNews/mpeg4/es/NASAKSN-LasPlantasEnElEspacio.mp4,http://nasa.ibiblio.org/video/NASAKidsScienceNews/quicktime/es/NASAKSN-LasPlantasEnElEspacio.mov,http://nasa.ibiblio.org/video/NASAKidsScienceNews/real/es/NASAKSN-LasPlantasEnElEspacio.ram,2003,Educational,Carolina; Luz; Light; Plantas; Plants; Experimentos; Experiments; Ox’geno; Oxygen; Carbon Di—xido; Carbon Dioxide; Noticiencias; Noticias Cientificas; Kids' Science News Network;,00:00:58,Yes,Yes,Low,Spanish,NASA,NASA,No,2004,Open Video
6464,http://nasa.ibiblio.org/video/NASAKidsScienceNews/mpeg1/es/NASAKSN-ElGasMasFrio.mpg,http://nasa.ibiblio.org/video/NASAKidsScienceNews/mpeg2/es/NASAKSN-ElGasMasFrio.mpg,http://nasa.ibiblio.org/video/NASAKidsScienceNews/mpeg4/es/NASAKSN-ElGasMasFrio.mp4,http://nasa.ibiblio.org/video/NASAKidsScienceNews/quicktime/es/NASAKSN-ElGasMasFrio.mov,http://nasa.ibiblio.org/video/NASAKidsScienceNews/real/es/NASAKSN-ElGasMasFrio.ram,2003,Educational,Mary; Gas; Frio; Cold; Temperatura; Temperature; Atomos; Atoms; L‡ser; Laser; Grado; Degree; Noticiencias; Noticias Cientificas; Kids' Science News Network;,00:00:58,Yes,Yes,Low,Spanish,NASA,NASA,No,2004,Open Video
6465,http://nasa.ibiblio.org/video/NASAKidsScienceNews/mpeg1/es/NASAKSN-ElCuerpoEnElEspacio.mpg,http://nasa.ibiblio.org/video/NASAKidsScienceNews/mpeg2/es/NASAKSN-ElCuerpoEnElEspacio.mpg,http://nasa.ibiblio.org/video/NASAKidsScienceNews/mpeg4/es/NASAKSN-ElCuerpoEnElEspacio.mp4,http://nasa.ibiblio.org/video/NASAKidsScienceNews/quicktime/es/NASAKSN-ElCuerpoEnElEspacio.mov,http://nasa.ibiblio.org/video/NASAKidsScienceNews/real/es/NASAKSN-ElCuerpoEnElEspacio.ram,2003,Educational,Lisa; Cuerpo; Body; Cambiar; Change; Fluidos; Fluids; Espina; Spine; Hueso; Bone; Noticiencias; Noticias Cientificas; Kids' Science News Network;,00:00:58,Yes,Yes,Low,Spanish,NASA,NASA,No,2004,Open Video
6466,http://nasa.ibiblio.org/video/NASAKidsScienceNews/mpeg1/es/NASAKSN-ElNanotecnologia.mpg,http://nasa.ibiblio.org/video/NASAKidsScienceNews/mpeg2/es/NASAKSN-ElNanotecnologia.mpg,http://nasa.ibiblio.org/video/NASAKidsScienceNews/mpeg4/es/NASAKSN-ElNanotecnologia.mp4,http://nasa.ibiblio.org/video/NASAKidsScienceNews/quicktime/es/NASAKSN-ElNanotecnologia.mov,http://nasa.ibiblio.org/video/NASAKidsScienceNews/real/es/NASAKSN-ElNanotecnologia.ram,2003,Educational,Lisa; Nanotecnolog’a; Nanotechnology; Atomo; Atom; Nano; Nanometro; Nanometer; Peque–o; Small; Tiny; Cabello; Hair; CŽlula; Cell; Noticiencias; Noticias Ciencias; Kids' Science News Network;,00:00:58,Yes,Yes,Low,Spanish,NASA,NASA,No,2004,Open Video
6467,http://nasa.ibiblio.org/video/NASAKidsScienceNews/mpeg1/es/NASAKSN-FlotandoEnElEspacio.mpg,http://nasa.ibiblio.org/video/NASAKidsScienceNews/mpeg2/es/NASAKSN-FlotandoEnElEspacio.mpg,http://nasa.ibiblio.org/video/NASAKidsScienceNews/mpeg4/es/NASAKSN-FlotandoEnElEspacio.mp4,http://nasa.ibiblio.org/video/NASAKidsScienceNews/quicktime/es/NASAKSN-FlotandoEnElEspacio.mov,http://nasa.ibiblio.org/video/NASAKidsScienceNews/real/es/NASAKSN-FlotandoEnElEspacio.ram,2003,Educational,Alejandra; Flotar; Floating; Gravidad; Gravity; Caida Libre; Free Fall; Noventa Por Ciento; Ninety Percent; Astronautas; Astronauts; Tierra; Earth; Noticiencias; Noticias Cientificas; Kids' Science News Network;,00:00:58,Yes,Yes,Low,Spanish,NASA,NASA,No,2004,Open Video
6468,http://nasa.ibiblio.org/video/NASAKidsScienceNews/mpeg1/es/NASAKSN-EnfermoEnElEspacio.mpg,http://nasa.ibiblio.org/video/NASAKidsScienceNews/mpeg2/es/NASAKSN-EnfermoEnElEspacio.mpg,http://nasa.ibiblio.org/video/NASAKidsScienceNews/mpeg4/es/NASAKSN-EnfermoEnElEspacio.mp4,http://nasa.ibiblio.org/video/NASAKidsScienceNews/quicktime/es/NASAKSN-EnfermoEnElEspacio.mov,http://nasa.ibiblio.org/video/NASAKidsScienceNews/real/es/NASAKSN-EnfermoEnElEspacio.ram,2003,Educational,Daniela; Medicos; Astronautas; 1961; Ojos; Temperatura; Se Enferman; BebŽ; Term—metro; Noticiencias; Noticias Cientificas; Kids' Science News Network;,00:00:58,Yes,Yes,Low,Spanish,NASA,NASA,No,2004,Open Video
6469,http://nasa.ibiblio.org/video/NASAKidsScienceNews/mpeg1/es/NASAKSN-ReciclandoAguaEnElEspacio.mpg,http://nasa.ibiblio.org/video/NASAKidsScienceNews/mpeg2/es/NASAKSN-ReciclandoAguaEnElEspacio.mpg,http://nasa.ibiblio.org/video/NASAKidsScienceNews/mpeg4/es/NASAKSN-ReciclandoAguaEnElEspacio.mp4,http://nasa.ibiblio.org/video/NASAKidsScienceNews/quicktime/es/NASAKSN-ReciclandoAguaEnElEspacio.mov,http://nasa.ibiblio.org/video/NASAKidsScienceNews/real/es/NASAKSN-ReciclandoAguaEnElEspacio.ram,2003,Educational,Vanessa; Agua; Water; Astronautas; Astronauts; Ciclo Del Agua; Water Cycle; Lluvia; Rain; Drenaje; Drainage; Evaporaci—n; Evaporatioin; Planta De Tratamiento; Treatment Plant; Reciclada; Recycled; NASA; Tierra; Earth; Marte; Mars; Manos; Hands; Dientes; Teeth; Noticiencias; Noticias Cientificas; Kids' Science News Network;,00:00:58,Yes,Yes,Low,Spanish,NASA,NASA,No,2004,Open Video
6470,http://nasa.ibiblio.org/video/NASAKidsScienceNews/mpeg1/es/NASAKSN-TiendasDeComidaEnElEspacio.mpg,http://nasa.ibiblio.org/video/NASAKidsScienceNews/mpeg2/es/NASAKSN-TiendasDeComidaEnElEspacio.mpg,http://nasa.ibiblio.org/video/NASAKidsScienceNews/mpeg4/es/NASAKSN-TiendasDeComidaEnElEspacio.mp4,http://nasa.ibiblio.org/video/NASAKidsScienceNews/quicktime/es/NASAKSN-TiendasDeComidaEnElEspacio.mov,http://nasa.ibiblio.org/video/NASAKidsScienceNews/real/es/NASAKSN-TiendasDeComidaEnElEspacio.ram,2003,Educational,Andrea; Store; Astronautas; Astronauts; Plantas; Plants; Hidroponicos; Hydroponics; Marte; Mars; Papas Fritas; French Fries; Alimento; Food; Nourishment; Caramelo; Caramel; Noticiencias; Noticias Cientificas; Kids' Science News Network;,00:00:58,Yes,Yes,Low,Spanish,NASA,NASA,No,2004,Open Video
6471,http://nasa.ibiblio.org/video/NASAKidsScienceNews/mpeg1/es/NASAKSN-LaArenaEnElEspacio.mpg,http://nasa.ibiblio.org/video/NASAKidsScienceNews/mpeg2/es/NASAKSN-LaArenaEnElEspacio.mpg,http://nasa.ibiblio.org/video/NASAKidsScienceNews/mpeg4/es/NASAKSN-LaArenaEnElEspacio.mp4,http://nasa.ibiblio.org/video/NASAKidsScienceNews/quicktime/es/NASAKSN-LaArenaEnElEspacio.mov,http://nasa.ibiblio.org/video/NASAKidsScienceNews/real/es/NASAKSN-LaArenaEnElEspacio.ram,2003,Educational,Alejandra; Arena; Sand; Astronautas; Astronauts; Particulas; Particles; Particulates; Agua; Water; Licuefaccion; Liquefaction; Terremoto; Earthquake; Noticiencias; Noticias Cientificas; Kids' Science News Network;,00:00:58,Yes,Yes,Low,Spanish,NASA,NASA,No,2004,Open Video
6472,http://nasa.ibiblio.org/video/NASAKidsScienceNews/mpeg1/es/NASAKSN-RelojesAtomicos.mpg,http://nasa.ibiblio.org/video/NASAKidsScienceNews/mpeg2/es/NASAKSN-RelojesAtomicos.mpg,http://nasa.ibiblio.org/video/NASAKidsScienceNews/mpeg4/es/NASAKSN-RelojesAtomicos.mp4,http://nasa.ibiblio.org/video/NASAKidsScienceNews/quicktime/es/NASAKSN-RelojesAtomicos.mov,http://nasa.ibiblio.org/video/NASAKidsScienceNews/real/es/NASAKSN-RelojesAtomicos.ram,2003,Educational,Elmer; Espacio; Space; Reloj; Watch; Cesio; Cesium; Atomico; Atomic; Atomo; Atom; Estacion Espacio Internacional; International Space Station; Einstein; Tiempo; Time; Segundo; Second; Noticiencias; Noticas Cientificas; Kids' Science News Network;,00:00:58,Yes,Yes,Low,Spanish,NASA,NASA,No,2004,Open Video
6473,http://nasa.ibiblio.org/video/NASAKidsScienceNews/mpeg1/es/NASAKSN-CajaSelladaConGuantes.mpg,http://nasa.ibiblio.org/video/NASAKidsScienceNews/mpeg2/es/NASAKSN-CajaSelladaConGuantes.mpg,http://nasa.ibiblio.org/video/NASAKidsScienceNews/mpeg4/es/NASAKSN-CajaSelladaConGuantes.mp4,http://nasa.ibiblio.org/video/NASAKidsScienceNews/quicktime/es/NASAKSN-CajaSelladaConGuantes.mov,http://nasa.ibiblio.org/video/NASAKidsScienceNews/real/es/NASAKSN-CajaSelladaConGuantes.ram,2003,Educational,Deborah; Astronautas; Astronauts; Caja Sellada Con Guantes; Glove Box; Experimentos; Experiments; Espacio; Space; Cristal; Crystal; Guantes; Gloves; Olor; Odor; Protecci—n; Protection; Noticiencias; Noticias Cientificas; Kids' Science News Network;,00:00:58,Yes,Yes,Low,Spanish,NASA,NASA,No,2004,Open Video
6474,http://nasa.ibiblio.org/video/NASAKidsScienceNews/mpeg1/es/NASAKSN-LaEbullicionEnElEspacio.mpg,http://nasa.ibiblio.org/video/NASAKidsScienceNews/mpeg2/es/NASAKSN-LaEbullicionEnElEspacio.mpg,http://nasa.ibiblio.org/video/NASAKidsScienceNews/mpeg4/es/NASAKSN-LaEbullicionEnElEspacio.mp4,http://nasa.ibiblio.org/video/NASAKidsScienceNews/quicktime/es/NASAKSN-LaEbullicionEnElEspacio.mov,http://nasa.ibiblio.org/video/NASAKidsScienceNews/real/es/NASAKSN-LaEbullicionEnElEspacio.ram,2003,Educational,Alejandra; Burbuja; Bubble; Gravedad; Gravity; Ebullicion; Boil; Liquido; Liquid; Espacio; Space; Microgravedad; Microgravity; Convecci—n; Convection; Caliente; Calor; Heat; Hot; Sustentaci—n; Sustention; Tecnolog’a; Technology; Noticiencias; Noticias Cientificas; Kids' Science News Network;,00:00:58,Yes,Yes,Low,Spanish,NASA,NASA,No,2004,Open Video
6475,http://nasa.ibiblio.org/video/NASAKidsScienceNews/mpeg1/es/NASAKSN-LasFracciones.mpg,http://nasa.ibiblio.org/video/NASAKidsScienceNews/mpeg2/es/NASAKSN-LasFracciones.mpg,http://nasa.ibiblio.org/video/NASAKidsScienceNews/mpeg4/es/NASAKSN-LasFracciones.mp4,http://nasa.ibiblio.org/video/NASAKidsScienceNews/quicktime/es/NASAKSN-LasFracciones.mov,http://nasa.ibiblio.org/video/NASAKidsScienceNews/real/es/NASAKSN-LasFracciones.ram,2003,Educational,Vanessa; Fracci—nes; Chocolate; Tercera; Pizza; Parte; Todo; Cuarto; Corte; Noticiencias; Noticias Cientificas; Kids' Science News Network;,00:00:58,Yes,Yes,Low,Spanish,NASA,NASA,No,2004,Open Video
6476,http://nasa.ibiblio.org/video/NASAKidsScienceNews/mpeg1/es/NASAKSN-ElCero.mpg,http://nasa.ibiblio.org/video/NASAKidsScienceNews/mpeg2/es/NASAKSN-ElCero.mpg,http://nasa.ibiblio.org/video/NASAKidsScienceNews/mpeg4/es/NASAKSN-ElCero.mp4,http://nasa.ibiblio.org/video/NASAKidsScienceNews/quicktime/es/NASAKSN-ElCero.mov,http://nasa.ibiblio.org/video/NASAKidsScienceNews/real/es/NASAKSN-ElCero.ram,2003,Educational,Julieth; Nœmero; Number; Griego; Greek; Maya; Cero; Zero; Matem‡ticas; Math; Negativo; Negative; Centroamerica; Central America; Noticiencias; Noticias Cientificas; Kids' Science News Network;,00:00:58,Yes,Yes,Low,Spanish,NASA,NASA,No,2004,Open Video
6477,http://nasa.ibiblio.org/video/NASAKidsScienceNews/mpeg1/es/NASAKSN-LosNumerosNegativos.mpg,http://nasa.ibiblio.org/video/NASAKidsScienceNews/mpeg2/es/NASAKSN-LosNumerosNegativos.mpg,http://nasa.ibiblio.org/video/NASAKidsScienceNews/mpeg4/es/NASAKSN-LosNumerosNegativos.mp4,http://nasa.ibiblio.org/video/NASAKidsScienceNews/quicktime/es/NASAKSN-LosNumerosNegativos.mov,http://nasa.ibiblio.org/video/NASAKidsScienceNews/real/es/NASAKSN-LosNumerosNegativos.ram,2003,Educational,Daniela; Cero; Zero; Termometro; Thermometer; Positivo; Positive; Negativo; Negative; Menor; Lesser; Mayor; Greater; Nœmero; Number; Noticiencias; Noticias Cientificas; Kids' Science News Network;,00:00:58,Yes,Yes,Low,Spanish,NASA,NASA,No,2004,Open Video
6478,http://nasa.ibiblio.org/video/NASAKidsScienceNews/mpeg1/es/NASAKSN-LasZonasHorarias.mpg,http://nasa.ibiblio.org/video/NASAKidsScienceNews/mpeg2/es/NASAKSN-LasZonasHorarias.mpg,http://nasa.ibiblio.org/video/NASAKidsScienceNews/mpeg4/es/NASAKSN-LasZonasHorarias.mp4,http://nasa.ibiblio.org/video/NASAKidsScienceNews/quicktime/es/NASAKSN-LasZonasHorarias.mov,http://nasa.ibiblio.org/video/NASAKidsScienceNews/real/es/NASAKSN-LasZonasHorarias.ram,2003,Educational,Julieth; Zonas Horarias; Time Zones; Hora; Hour; Grados; Degrees; 24; Esfera; Sphere; Noticiencias; Noticias Cientificas; Kids' Science News Network;,00:00:58,Yes,Yes,Low,Spanish,NASA,NASA,No,2004,Open Video
6479,http://nasa.ibiblio.org/video/NASAKidsScienceNews/mpeg1/es/NASAKSN-ElRuidoDeLosAviones.mpg,http://nasa.ibiblio.org/video/NASAKidsScienceNews/mpeg2/es/NASAKSN-ElRuidoDeLosAviones.mpg,http://nasa.ibiblio.org/video/NASAKidsScienceNews/mpeg4/es/NASAKSN-ElRuidoDeLosAviones.mp4,http://nasa.ibiblio.org/video/NASAKidsScienceNews/quicktime/es/NASAKSN-ElRuidoDeLosAviones.mov,http://nasa.ibiblio.org/video/NASAKidsScienceNews/real/es/NASAKSN-ElRuidoDeLosAviones.ram,2003,Educational,Daniel; Ruido; Avion; Silencioso; Amplitud; Onda; Tecnologia; Sonido; Noticiencias; Noticias Cientificas; Kids' Science News Network;,00:00:58,Yes,Yes,Low,Spanish,NASA,NASA,No,2004,Open Video
6480,http://nasa.ibiblio.org/video/NASAKidsScienceNews/mpeg1/es/NASAKSN-CDs.mpg,http://nasa.ibiblio.org/video/NASAKidsScienceNews/mpeg2/es/NASAKSN-CDs.mpg,http://nasa.ibiblio.org/video/NASAKidsScienceNews/mpeg4/es/NASAKSN-CDs.mp4,http://nasa.ibiblio.org/video/NASAKidsScienceNews/quicktime/es/NASAKSN-CDs.mov,http://nasa.ibiblio.org/video/NASAKidsScienceNews/real/es/NASAKSN-CDs.ram,2003,Educational,Julieth; CD; Disco Compacto; Compact Disc; Digital; Sonido; Sound; Nœmeros; Numbers; Musica; Music; Cero; Zero; Uno; One; Computadora; Computer; Codigo; Code; Laser; Noticiencias; Noticias Cientificas; Kids' Science News Network;,00:00:58,Yes,Yes,Low,Spanish,NASA,NASA,No,2004,Open Video
6481,http://nasa.ibiblio.org/video/NASAKidsScienceNews/mpeg1/es/NASAKSN-ElLimpiaparabrisas.mpg,http://nasa.ibiblio.org/video/NASAKidsScienceNews/mpeg2/es/NASAKSN-ElLimpiaparabrisas.mpg,http://nasa.ibiblio.org/video/NASAKidsScienceNews/mpeg4/es/NASAKSN-ElLimpiaparabrisas.mp4,http://nasa.ibiblio.org/video/NASAKidsScienceNews/quicktime/es/NASAKSN-ElLimpiaparabrisas.mov,http://nasa.ibiblio.org/video/NASAKidsScienceNews/real/es/NASAKSN-ElLimpiaparabrisas.ram,2003,Educational,Andrea; Limpiaparabrisas; Windshield Wipers; Mary Anderson; Katherine Blodgett; Hedy Lamarr; Kevlar; Stephanie Kwolek; Spread Spectrum; Invenci—n; Invention; Inventor; Inventar; Invent; Espectro; Noticiencias; Noticias Cientificas; Kids' Science News Network;,00:00:58,Yes,Yes,Low,Spanish,NASA,NASA,No,2004,Open Video
6482,http://nasa.ibiblio.org/video/NASAKidsScienceNews/mpeg1/es/NASAKSN-TunelDeViento.mpg,http://nasa.ibiblio.org/video/NASAKidsScienceNews/mpeg2/es/NASAKSN-TunelDeViento.mpg,http://nasa.ibiblio.org/video/NASAKidsScienceNews/mpeg4/es/NASAKSN-TunelDeViento.mp4,http://nasa.ibiblio.org/video/NASAKidsScienceNews/quicktime/es/NASAKSN-TunelDeViento.mov,http://nasa.ibiblio.org/video/NASAKidsScienceNews/real/es/NASAKSN-TunelDeViento.ram,2003,Educational,Julieth; Tunel De Viento; Wind Tunnel; Avion; Airplane; Aire; Air; Autos De Carreras; Racecars; Car; Noticiencias; Noticias Cientificas; Kids' Science News Network;,00:00:58,Yes,Yes,Low,Spanish,NASA,NASA,No,2004,Open Video
6483,http://nasa.ibiblio.org/video/NASAKidsScienceNews/mpeg1/es/NASAKSN-ElInternet.mpg,http://nasa.ibiblio.org/video/NASAKidsScienceNews/mpeg2/es/NASAKSN-ElInternet.mpg,http://nasa.ibiblio.org/video/NASAKidsScienceNews/mpeg4/es/NASAKSN-ElInternet.mp4,http://nasa.ibiblio.org/video/NASAKidsScienceNews/quicktime/es/NASAKSN-ElInternet.mov,http://nasa.ibiblio.org/video/NASAKidsScienceNews/real/es/NASAKSN-ElInternet.ram,2003,Educational,Lisa; Web; Internet; Computadora; Computer; Servidor; Server; Informaci—n; Information; Conectar; Connect; ElŽctrico; Electric; Noticiencias; Noticias Cientificas; Kids' Science News Network;,00:00:58,Yes,Yes,Low,Spanish,NASA,NASA,No,2004,Open Video
6484,http://nasa.ibiblio.org/video/NASAKidsScienceNews/mpeg1/es/NASAKSN-ElRatonDeComputadora.mpg,http://nasa.ibiblio.org/video/NASAKidsScienceNews/mpeg2/es/NASAKSN-ElRatonDeComputadora.mpg,http://nasa.ibiblio.org/video/NASAKidsScienceNews/mpeg4/es/NASAKSN-ElRatonDeComputadora.mp4,http://nasa.ibiblio.org/video/NASAKidsScienceNews/quicktime/es/NASAKSN-ElRatonDeComputadora.mov,http://nasa.ibiblio.org/video/NASAKidsScienceNews/real/es/NASAKSN-ElRatonDeComputadora.ram,2003,Educational,Daniela; Rat—n; Mouse; Computadora; Computer; Optomec‡nico; Bola; Ball; Luz; Light; Detector; Noticiencias; Noticas Cientifica; Kids' Science News Network;,00:00:58,Yes,Yes,Low,Spanish,NASA,NASA,No,2004,Open Video
6485,http://nasa.ibiblio.org/video/NASAKidsScienceNews/mpeg1/es/NASAKSN-VirusDeComputadora.mpg,http://nasa.ibiblio.org/video/NASAKidsScienceNews/mpeg2/es/NASAKSN-VirusDeComputadora.mpg,http://nasa.ibiblio.org/video/NASAKidsScienceNews/mpeg4/es/NASAKSN-VirusDeComputadora.mp4,http://nasa.ibiblio.org/video/NASAKidsScienceNews/quicktime/es/NASAKSN-VirusDeComputadora.mov,http://nasa.ibiblio.org/video/NASAKidsScienceNews/real/es/NASAKSN-VirusDeComputadora.ram,2003,Educational,Elmer; Virus; Computadora; Computer; Cuerpo; Body; Enfermar; Sicken; Enfermo; Sick; Internet; Anti-Virus; Noticiencias; Noticias Cientificas; Kids' Science News Network;,00:00:58,Yes,Yes,Low,Spanish,NASA,NASA,No,2004,Open Video
6486,http://nasa.ibiblio.org/video/NASAKidsScienceNews/mpeg1/es/NASAKSN-ElCorreroElectronico.mpg,http://nasa.ibiblio.org/video/NASAKidsScienceNews/mpeg2/es/NASAKSN-ElCorreroElectronico.mpg,http://nasa.ibiblio.org/video/NASAKidsScienceNews/mpeg4/es/NASAKSN-ElCorreroElectronico.mp4,http://nasa.ibiblio.org/video/NASAKidsScienceNews/quicktime/es/NASAKSN-ElCorreroElectronico.mov,http://nasa.ibiblio.org/video/NASAKidsScienceNews/real/es/NASAKSN-ElCorreroElectronico.ram,2003,Educational,Daniela; Correo Electronico; E-Mail; Electronic Mail; Computadora; Computer; Servidor; Server; Carta; Letter; Mensaje; Message; Oficina de Correos; Post Office; Noticiencias; Noticias Cientificas; Kids' Science News Network;,00:00:58,Yes,Yes,Low,Spanish,NASA,NASA,No,2004,Open Video
6487,http://nasa.ibiblio.org/video/NASAKidsScienceNews/mpeg1/es/NASAKSN-BitsYBytes.mpg,http://nasa.ibiblio.org/video/NASAKidsScienceNews/mpeg2/es/NASAKSN-BitsYBytes.mpg,http://nasa.ibiblio.org/video/NASAKidsScienceNews/mpeg4/es/NASAKSN-BitsYBytes.mp4,http://nasa.ibiblio.org/video/NASAKidsScienceNews/quicktime/es/NASAKSN-BitsYBytes.mov,http://nasa.ibiblio.org/video/NASAKidsScienceNews/real/es/NASAKSN-BitsYBytes.ram,2003,Educational,Daniela; Bit; Byte; Uno; One; Cero; Zero; Memoria; Memory; Binario; Binary; Nœmero; Number; Numeral; Codigo; Code; Ocho; Eight; Digito; Digit; Cifra; Digital; Lugar; Place; Noticiencias; Noticas Cientificas; Kids' Science News Network;,00:00:58,Yes,Yes,Low,Spanish,NASA,NASA,No,2004,Open Video
6577,http://nasa.ibiblio.org/video/NASAKidsScienceNews/mpeg1/NASAKSN-AreYouAnExplorer.mpg,http://nasa.ibiblio.org/video/NASAKidsScienceNews/mpeg2/NASAKSN-AreYouAnExplorer.mpg,http://nasa.ibiblio.org/video/NASAKidsScienceNews/mpeg4/NASAKSN-AreYouAnExplorer.mp4,http://nasa.ibiblio.org/video/NASAKidsScienceNews/quicktime/NASAKSN-AreYouAnExplorer.mov,http://nasa.ibiblio.org/video/NASAKidsScienceNews/real/NASAKSN-AreYouAnExplorer.ram,2005,Educational,NASA Kids Science News Network; KSNN; Grant; International Space Station; Mars;,00:00:30,Yes,Yes,Low,English,NASA,NASA,No,2005,Open Video
6578,http://nasa.ibiblio.org/video/NASAKidsScienceNews/mpeg1/NASAKSN-CalciumAndBones1.mpg,http://nasa.ibiblio.org/video/NASAKidsScienceNews/mpeg2/NASAKSN-CalciumAndBones1.mpg,http://nasa.ibiblio.org/video/NASAKidsScienceNews/mpeg4/NASAKSN-CalciumAndBones1.mp4,http://nasa.ibiblio.org/video/NASAKidsScienceNews/quicktime/NASAKSN-CalciumAndBones1.mov,http://nasa.ibiblio.org/video/NASAKidsScienceNews/real/NASAKSN-CalciumAndBones1.ram,2004,Educational,NASA Kids Science News Network; KSNN; Hannah; Calcium; Bones; Exercise; Bone Loss;,00:00:58,Yes,Yes,Low,English,NASA,NASA,No,2005,Open Video
6580,http://nasa.ibiblio.org/video/NASAKidsScienceNews/mpeg1/NASAKSN-HowDoSatellitesHelpStudyEarth.mpg,http://nasa.ibiblio.org/video/NASAKidsScienceNews/mpeg2/NASAKSN-HowDoSatellitesHelpStudyEarth.mpg,http://nasa.ibiblio.org/video/NASAKidsScienceNews/mpeg4/NASAKSN-HowDoSatellitesHelpStudyEarth.mp4,http://nasa.ibiblio.org/video/NASAKidsScienceNews/quicktime/NASAKSN-HowDoSatellitesHelpStudyEarth.mov,http://nasa.ibiblio.org/video/NASAKidsScienceNews/real/NASAKSN-HowDoSatellitesHelpStudyEarth.ram,2004,Educational,NASA Kids Science News Network; KSNN; R. J.; Satellites; Ocean; Desert;,00:00:58,Yes,Yes,Low,English,NASA,NASA,No,2005,Open Video
6581,http://nasa.ibiblio.org/video/NASAKidsScienceNews/mpeg1/NASAKSN-HowDoSpaceShuttlesBlastOff.mpg,http://nasa.ibiblio.org/video/NASAKidsScienceNews/mpeg2/NASAKSN-HowDoSpaceShuttlesBlastOff.mpg,http://nasa.ibiblio.org/video/NASAKidsScienceNews/mpeg4/NASAKSN-HowDoSpaceShuttlesBlastOff.mp4,http://nasa.ibiblio.org/video/NASAKidsScienceNews/quicktime/NASAKSN-HowDoSpaceShuttlesBlastOff.mov,http://nasa.ibiblio.org/video/NASAKidsScienceNews/real/NASAKSN-HowDoSpaceShuttlesBlastOff.ram,2005,Educational,NASA Kids Science News Network; KSNN; Bianca; Newton's Third Law of Motion; Space Shuttle; Take off; Blast off;,00:00:30,Yes,Yes,Low,English,NASA,NASA,No,2005,Open Video
6582,http://nasa.ibiblio.org/video/NASAKidsScienceNews/mpeg1/NASAKSN-HowManySatellitesHelpStudyEarth.mpg,http://nasa.ibiblio.org/video/NASAKidsScienceNews/mpeg2/NASAKSN-HowManySatellitesHelpStudyEarth.mpg,http://nasa.ibiblio.org/video/NASAKidsScienceNews/mpeg4/NASAKSN-HowManySatellitesHelpStudyEarth.mp4,http://nasa.ibiblio.org/video/NASAKidsScienceNews/quicktime/NASAKSN-HowManySatellitesHelpStudyEarth.mov,http://nasa.ibiblio.org/video/NASAKidsScienceNews/real/NASAKSN-HowManySatellitesHelpStudyEarth.ram,2004,Educational,NASA Kids Science News Network; KSNN; Emily; Satellites; What Satellites Measure;,00:00:58,Yes,Yes,Low,English,NASA,NASA,No,2005,Open Video
6585,http://nasa.ibiblio.org/video/NASAKidsScienceNews/mpeg1/NASAKSN-DoYouWonderHowThingsWork.mpg,http://nasa.ibiblio.org/video/NASAKidsScienceNews/mpeg2/NASAKSN-DoYouWonderHowThingsWork.mpg,http://nasa.ibiblio.org/video/NASAKidsScienceNews/mpeg4/NASAKSN-DoYouWonderHowThingsWork.mp4,http://nasa.ibiblio.org/video/NASAKidsScienceNews/quicktime/NASAKSN-DoYouWonderHowThingsWork.mov,http://nasa.ibiblio.org/video/NASAKidsScienceNews/real/NASAKSN-DoYouWonderHowThingsWork.ram,2005,Educational,NASA Kids Science News Network; KSNN; Bianca; Characteristics of Scientists; Characteristics of Astronauts;,00:00:31,Yes,Yes,Low,English,NASA,NASA,No,2005,Open Video
6587,http://nasa.ibiblio.org/video/NASAKidsScienceNews/mpeg1/NASAKSN-WhatChangesMakeTheSpaceShuttleSafer.mpg,http://nasa.ibiblio.org/video/NASAKidsScienceNews/mpeg2/NASAKSN-WhatChangesMakeTheSpaceShuttleSafer.mpg,http://nasa.ibiblio.org/video/NASAKidsScienceNews/mpeg4/NASAKSN-WhatChangesMakeTheSpaceShuttleSafer.mp4,http://nasa.ibiblio.org/video/NASAKidsScienceNews/quicktime/NASAKSN-WhatChangesMakeTheSpaceShuttleSafer.mov,http://nasa.ibiblio.org/video/NASAKidsScienceNews/real/NASAKSN-WhatChangesMakeTheSpaceShuttleSafer.ram,2005,Educational,NASA Kids Science News Network; KSNN; R. J.; Safety; Blast Off;,00:00:31,Yes,Yes,Low,English,NASA,NASA,No,2005,Open Video
6589,http://nasa.ibiblio.org/video/NASAKidsScienceNews/mpeg1/NASAKSN-WhyCantTeddyTravelOnTheSpaceShuttle.mpg,http://nasa.ibiblio.org/video/NASAKidsScienceNews/mpeg2/NASAKSN-WhyCantTeddyTravelOnTheSpaceShuttle.mpg,http://nasa.ibiblio.org/video/NASAKidsScienceNews/mpeg4/NASAKSN-WhyCantTeddyTravelOnTheSpaceShuttle.mp4,http://nasa.ibiblio.org/video/NASAKidsScienceNews/quicktime/NASAKSN-WhyCantTeddyTravelOnTheSpaceShuttle.mov,http://nasa.ibiblio.org/video/NASAKidsScienceNews/real/NASAKSN-WhyCantTeddyTravelOnTheSpaceShuttle.ram,2005,Educational,NASA Kids Science News Network; KSNN; R. J.; Off Gassing; What astronauts take on the space shuttle; Teddy Bears;,00:00:30,Yes,Yes,Low,English,NASA,NASA,No,2005,Open Video
6590,http://nasa.ibiblio.org/video/NASAKidsScienceNews/mpeg1/NASAKSN-WhyDoAstronautsFloatInsideTheSpaceShuttle.mpg,http://nasa.ibiblio.org/video/NASAKidsScienceNews/mpeg2/NASAKSN-WhyDoAstronautsFloatInsideTheSpaceShuttle.mpg,http://nasa.ibiblio.org/video/NASAKidsScienceNews/mpeg4/NASAKSN-WhyDoAstronautsFloatInsideTheSpaceShuttle.mp4,http://nasa.ibiblio.org/video/NASAKidsScienceNews/quicktime/NASAKSN-WhyDoAstronautsFloatInsideTheSpaceShuttle.mov,http://nasa.ibiblio.org/video/NASAKidsScienceNews/real/NASAKSN-WhyDoAstronautsFloatInsideTheSpaceShuttle.ram,2005,Educational,NASA Kids Science News Network; KSNN; Grant; Free fall; Weightlessness; Floating; Elevator;,00:00:30,Yes,Yes,Low,English,NASA,NASA,No,2005,Open Video
6591,http://nasa.ibiblio.org/video/NASAKidsScienceNews/mpeg1/NASAKSN-WhyStudyEarthFromSpace.mpg,http://nasa.ibiblio.org/video/NASAKidsScienceNews/mpeg2/NASAKSN-WhyStudyEarthFromSpace.mpg,http://nasa.ibiblio.org/video/NASAKidsScienceNews/mpeg4/NASAKSN-WhyStudyEarthFromSpace.mp4,http://nasa.ibiblio.org/video/NASAKidsScienceNews/quicktime/NASAKSN-WhyStudyEarthFromSpace.mov,http://nasa.ibiblio.org/video/NASAKidsScienceNews/real/NASAKSN-WhyStudyEarthFromSpace.ram,2004,Educational,NASA Kids Science News Network; KSNN; Lea; Emily; Natural Disasters; Satellites; Research; Study;,00:00:58,Yes,Yes,Low,English,NASA,NASA,No,2005,Open Video
7068,http://www.ibiblio.org/openvideo/video/salton/mpeg1/SaltonSMART3_2.mpg,http://www.ibiblio.org/openvideo/video/salton/mpeg2/SaltonSMART3_2.mpg,http://www.ibiblio.org/openvideo/video/salton/mpeg4/SaltonSMART3_2.mp4,,,1995,Lecture,Information Retrieval; IR; SMART; Cornell; Gerard Salton; Robert Constable,00:00:56,Yes,Yes,Medium,English,N/A,"Computer Science Dept., Cornell Univ.",No,2004,Open Video
4419,http://archive.org/download/TripThe1939/TripThe1939.mpg,http://archive.org/download/TripThe1939/TripThe1939.mpeg,http://www.ibiblio.org/openvideo/video/mpg4/160.avi,,,1939,Ephemeral,Automobiles: Advertising;Advertising: Screen ads;Car culture;,00:00:48,Yes,Yes,n/a,English,Chevrolet Motor Company,Internet Archive,No,2001,Internet Archive
4000,http://archive.org/download/LuckyStr1948_2/LuckyStr1948_2.mpg,http://archive.org/download/LuckyStr1948_2/LuckyStr1948_2.mpeg,http://movies03.archive.org/0/movies/LuckyStr1948_2/LuckyStr1948_2.avi,,,1948,Ephemeral,Advertising: Television commercials;Substance abuse: Tobacco;Animation: Stop-motion;,00:00:58,No,Yes,n/a,English,American Tobacco Company,Internet Archive,No,2001,Internet Archive
5844,, http://www.archive.org/download/sunbeam_commercial_6/sunbeam_commercial_6.mpeg, http://www.ibiblio.org/openvideo/video/Prelinger/mpeg4/sunbeam_commercial_6_256kb_m4.mp4,,,0,Ephemeral,,00:00:25,No,Yes,Low,English,,Internet Archive,No,2006,Internet Archive
